model,num_documents,gold_index,n_examples,n_failed,best_subspan_em_first_line,best_subspan_em_full,em_first_line_ci_low,em_first_line_ci_high,em_full_ci_low,em_full_ci_high,ref_gold_index,em_first_line_diff_vs_ref,em_first_line_diff_ci_low,em_first_line_diff_ci_high,em_first_line_diff_excludes_zero,em_full_diff_vs_ref,em_full_diff_ci_low,em_full_diff_ci_high,em_full_diff_excludes_zero
gemini-2.5-flash,30,0,300,0,0.6833333333333333,0.7633333333333333,0.63,0.7366666666666667,0.7133333333333334,0.81,0,0.0,0.0,0.0,False,0.0,0.0,0.0,False
gemini-2.5-flash,30,4,300,0,0.67,0.7166666666666667,0.6166666666666667,0.7233333333333334,0.6666666666666666,0.7666666666666667,0,-0.013333333333333308,-0.05666666666666664,0.030000000000000027,False,-0.046666666666666634,-0.08666666666666667,-0.00666666666666671,True
gemini-2.5-flash,30,9,300,0,0.68,0.7333333333333333,0.6266666666666667,0.7333333333333333,0.6833333333333333,0.7833333333333333,0,-0.0033333333333332993,-0.040000000000000036,0.033333333333333326,False,-0.030000000000000027,-0.06666666666666676,0.00666666666666671,False
gemini-2.5-flash,30,14,300,0,0.6833333333333333,0.72,0.63,0.7366666666666667,0.67,0.77,0,0.0,-0.046666666666666634,0.046666666666666634,False,-0.043333333333333335,-0.08666666666666667,0.0,False
gemini-2.5-flash,30,19,300,0,0.6633333333333333,0.7033333333333334,0.61,0.7166666666666667,0.6533333333333333,0.7533333333333333,0,-0.020000000000000018,-0.06333333333333335,0.023333333333333317,False,-0.05999999999999994,-0.10000000000000009,-0.019999999999999907,True
gemini-2.5-flash,30,24,300,0,0.65,0.71,0.5966666666666667,0.7033333333333334,0.66,0.76,0,-0.033333333333333326,-0.07666666666666666,0.009999999999999898,False,-0.053333333333333344,-0.09333333333333338,-0.013333333333333308,True
gemini-2.5-flash,30,29,300,0,0.6966666666666667,0.7366666666666667,0.6433333333333333,0.75,0.6866666666666666,0.7866666666666666,0,0.013333333333333308,-0.029999999999999916,0.05341666666666546,False,-0.026666666666666616,-0.06666666666666665,0.013333333333333308,False
