model,num_documents,gold_index,n_examples,n_failed,best_subspan_em_first_line,best_subspan_em_full,em_first_line_ci_low,em_first_line_ci_high,em_full_ci_low,em_full_ci_high,ref_gold_index,em_first_line_diff_vs_ref,em_first_line_diff_ci_low,em_first_line_diff_ci_high,em_first_line_diff_excludes_zero,em_full_diff_vs_ref,em_full_diff_ci_low,em_full_diff_ci_high,em_full_diff_excludes_zero
deepseek:deepseek-chat,10,0,300,0,0.7433333333333333,0.8333333333333334,0.6933333333333334,0.7933333333333333,0.79,0.8733333333333333,0,0.0,0.0,0.0,False,0.0,0.0,0.0,False
deepseek:deepseek-chat,10,4,300,0,0.71,0.7933333333333333,0.6566666666666666,0.76,0.7466666666666667,0.8366666666666667,0,-0.033333333333333326,-0.07333333333333336,0.006666666666666599,False,-0.040000000000000036,-0.07999999999999996,-0.0033333333333332993,True
deepseek:deepseek-chat,10,9,300,0,0.71,0.7633333333333333,0.66,0.76,0.7133333333333334,0.81,0,-0.033333333333333326,-0.07666666666666666,0.010000000000000009,False,-0.07000000000000006,-0.11333333333333329,-0.026666666666666727,True
