model,num_documents,gold_index,n_examples,n_failed,best_subspan_em_first_line,best_subspan_em_full,em_first_line_ci_low,em_first_line_ci_high,em_full_ci_low,em_full_ci_high,ref_gold_index,em_first_line_diff_vs_ref,em_first_line_diff_ci_low,em_first_line_diff_ci_high,em_first_line_diff_excludes_zero,em_full_diff_vs_ref,em_full_diff_ci_low,em_full_diff_ci_high,em_full_diff_excludes_zero
deepseek:deepseek-chat,20,0,300,0,0.6766666666666666,0.8066666666666666,0.6233333333333333,0.73,0.7633333333333333,0.85,0,0.0,0.0,0.0,False,0.0,0.0,0.0,False
deepseek:deepseek-chat,20,4,300,0,0.6766666666666666,0.76,0.6233333333333333,0.73,0.7133333333333334,0.8066666666666666,0,0.0,-0.036666666666666736,0.036666666666666736,False,-0.046666666666666634,-0.08666666666666667,-0.010000000000000009,True
deepseek:deepseek-chat,20,9,300,0,0.6433333333333333,0.73,0.59,0.6966666666666667,0.68,0.7766666666666666,0,-0.033333333333333326,-0.06999999999999995,0.0,False,-0.07666666666666666,-0.1166666666666667,-0.036666666666666736,True
deepseek:deepseek-chat,20,14,300,0,0.67,0.7466666666666667,0.6166666666666667,0.7233333333333334,0.6966666666666667,0.7933333333333333,0,-0.006666666666666599,-0.043333333333333335,0.029999999999999916,False,-0.05999999999999994,-0.10000000000000009,-0.020000000000000018,True
deepseek:deepseek-chat,20,19,300,0,0.6766666666666666,0.7533333333333333,0.6233333333333333,0.7266666666666667,0.7033333333333334,0.8,0,0.0,-0.040000000000000036,0.040000000000000036,False,-0.053333333333333344,-0.09333333333333338,-0.013333333333333308,True
