model,num_documents,gold_index,n_examples,n_failed,best_subspan_em_first_line,best_subspan_em_full,em_first_line_ci_low,em_first_line_ci_high,em_full_ci_low,em_full_ci_high,ref_gold_index,em_first_line_diff_vs_ref,em_first_line_diff_ci_low,em_first_line_diff_ci_high,em_first_line_diff_excludes_zero,em_full_diff_vs_ref,em_full_diff_ci_low,em_full_diff_ci_high,em_full_diff_excludes_zero
deepseek:deepseek-chat,30,0,300,0,0.6866666666666666,0.82,0.6333333333333333,0.74,0.7766666666666666,0.8633333333333333,0,0.0,0.0,0.0,False,0.0,0.0,0.0,False
deepseek:deepseek-chat,30,4,300,0,0.6466666666666666,0.7433333333333333,0.5933333333333334,0.7,0.6933333333333334,0.7933333333333333,0,-0.040000000000000036,-0.07999999999999996,0.0,False,-0.07666666666666666,-0.1166666666666667,-0.036666666666666625,True
deepseek:deepseek-chat,30,9,300,0,0.64,0.7233333333333334,0.5866666666666667,0.6933333333333334,0.6733333333333333,0.7733333333333333,0,-0.046666666666666634,-0.08666666666666667,-0.006666666666666599,True,-0.09666666666666657,-0.13666666666666671,-0.05666666666666664,True
deepseek:deepseek-chat,30,14,300,0,0.6333333333333333,0.7166666666666667,0.58,0.6866666666666666,0.6666666666666666,0.7666666666666667,0,-0.053333333333333344,-0.09000000000000008,-0.016666666666666607,True,-0.10333333333333328,-0.14333333333333342,-0.06333333333333335,True
deepseek:deepseek-chat,30,19,300,0,0.6233333333333333,0.7233333333333334,0.57,0.6766666666666666,0.6733333333333333,0.7733333333333333,0,-0.06333333333333335,-0.10000000000000009,-0.026666666666666616,True,-0.09666666666666657,-0.14,-0.053333333333333344,True
deepseek:deepseek-chat,30,24,300,0,0.64,0.7233333333333334,0.5866666666666667,0.6933333333333334,0.6733333333333333,0.7733333333333333,0,-0.046666666666666634,-0.08333333333333337,-0.009999999999999898,True,-0.09666666666666657,-0.13666666666666671,-0.05666666666666664,True
deepseek:deepseek-chat,30,29,300,0,0.64,0.71,0.5866666666666667,0.6933333333333334,0.66,0.76,0,-0.046666666666666634,-0.08666666666666667,-0.006666666666666599,True,-0.10999999999999999,-0.15000000000000002,-0.06999999999999995,True
